{
  "Abarth": [
    "500",
    "595",
    "695",
    "124 Spider"
  ],
  "Acura": [
    "MDX",
    "RDX",
    "TLX",
    "ILX",
    "NSX",
    "Integra"
  ],
  "Aiways": [
    "U5",
    "U6"
  ],
  "Alfa Romeo": [
    "Giulia",
    "Stelvio",
    "Tonale",
    "MiTo",
    "147",
    "159",
    "Brera",
    "Giulietta"
  ],
  "Aston Martin": [
    "Vantage",
    "DB11",
    "DBS",
    "DBX"
  ],
  "Audi": [
    "A1",
    "A3",
    "A4",
    "A5",
    "A6",
    "A7",
    "A8",
    "Q2",
    "Q3",
    "Q4 e-tron",
    "Q5",
    "Q7",
    "Q8",
    "TT",
    "R8",
    "e-tron",
    "S3",
    "RS4"
  ],
  "Bentley": [
    "Continental GT",
    "Flying Spur",
    "Bentayga"
  ],
  "BMW": [
    "Serie 1",
    "Serie 2",
    "Serie 3",
    "Serie 4",
    "Serie 5",
    "Serie 6",
    "Serie 7",
    "X1",
    "X2",
    "X3",
    "X4",
    "X5",
    "X6",
    "X7",
    "Z4",
    "i3",
    "i4",
    "iX",
    "M3",
    "M5"
  ],
  "BYD": [
    "Atto 3",
    "Dolphin",
    "Han",
    "Seal"
  ],
  "Cadillac": [
    "Escalade",
    "CT5",
    "XT5",
    "SRX"
  ],
  "Chevrolet": [
    "Aveo",
    "Cruze",
    "Captiva",
    "Malibu",
    "Camaro",
    "Corvette",
    "Tahoe"
  ],
  "Chrysler": [
    "300C",
    "Voyager",
    "PT Cruiser",
    "Grand Voyager"
  ],
  "Citroën": [
    "C1",
    "C3",
    "C4",
    "C5",
    "C3 Aircross",
    "C4 Cactus",
    "C5 Aircross",
    "Berlingo",
    "Jumpy",
    "Xsara",
    "Saxo"
  ],
  "Cupra": [
    "Formentor",
    "León",
    "Ateca",
    "Born"
  ],
  "Dacia": [
    "Logan",
    "Sandero",
    "Duster",
    "Lodgy",
    "Spring",
    "Jogger"
  ],
  "Daewoo": [
    "Lanos",
    "Nubira",
    "Matiz",
    "Lacetti"
  ],
  "Daihatsu": [
    "Sirion",
    "Terios",
    "Cuore"
  ],
  "Dodge": [
    "RAM",
    "Challenger",
    "Charger",
    "Durango",
    "Journey"
  ],
  "DS": [
    "DS 3",
    "DS 4",
    "DS 7",
    "DS 9"
  ],
  "Ferrari": [
    "Roma",
    "F8 Tributo",
    "296 GTB",
    "Portofino"
  ],
  "Fiat": [
    "500",
    "Panda",
    "Tipo",
    "500X",
    "500L",
    "Punto",
    "Bravo",
    "Grande Punto",
    "Fiorino"
  ],
  "Ford": [
    "Fiesta",
    "Focus",
    "Kuga",
    "Puma",
    "Mondeo",
    "Mustang",
    "Explorer",
    "Transit",
    "C-Max",
    "S-Max",
    "Ranger"
  ],
  "GMC": [
    "Sierra",
    "Yukon",
    "Acadia"
  ],
  "Honda": [
    "Civic",
    "Jazz",
    "CR-V",
    "HR-V",
    "Accord",
    "Pilot",
    "Type R"
  ],
  "Hummer": [
    "H2",
    "H3",
    "EV"
  ],
  "Hyundai": [
    "i10",
    "i20",
    "i30",
    "Kona",
    "Tucson",
    "Santa Fe",
    "IONIQ 5",
    "Bayon",
    "Elantra",
    "Veloster"
  ],
  "Infiniti": [
    "Q50",
    "QX50",
    "QX70"
  ],
  "Isuzu": [
    "D-Max",
    "Trooper"
  ],
  "Jaguar": [
    "XE",
    "XF",
    "F-PACE",
    "E-PACE",
    "I-PACE",
    "F-Type",
    "XK"
  ],
  "Jeep": [
    "Wrangler",
    "Cherokee",
    "Grand Cherokee",
    "Renegade",
    "Compass",
    "Avenger"
  ],
  "Kia": [
    "Picanto",
    "Rio",
    "Ceed",
    "Sportage",
    "Niro",
    "Sorento",
    "Stinger",
    "EV6",
    "Optima"
  ],
  "Lada": [
    "Niva",
    "Vesta",
    "Granta"
  ],
  "Lamborghini": [
    "Urus",
    "Huracán",
    "Aventador",
    "Revuelto"
  ],
  "Lancia": [
    "Ypsilon",
    "Delta",
    "Musa",
    "Lybra"
  ],
  "Land Rover": [
    "Defender",
    "Discovery",
    "Freelander",
    "Range Rover Evoque",
    "Range Rover Sport",
    "Range Rover Velar",
    "Range Rover"
  ],
  "Lexus": [
    "CT",
    "IS",
    "ES",
    "NX",
    "RX",
    "UX",
    "LC",
    "RC"
  ],
  "Lotus": [
    "Emira",
    "Evija",
    "Elise",
    "Exige"
  ],
  "Maserati": [
    "Ghibli",
    "Levante",
    "MC20",
    "GranTurismo"
  ],
  "Mazda": [
    "Mazda2",
    "Mazda3",
    "Mazda6",
    "CX-3",
    "CX-5",
    "MX-5",
    "CX-30",
    "RX-8"
  ],
  "McLaren": [
    "Artura",
    "720S",
    "GT"
  ],
  "Mercedes-Benz": [
    "Clase A",
    "Clase C",
    "Clase E",
    "Clase S",
    "GLA",
    "GLC",
    "GLE",
    "GLS",
    "Clase V",
    "AMG GT",
    "Clase B",
    "EQE",
    "EQS"
  ],
  "MG": [
    "ZS",
    "HS",
    "MG4",
    "MG5"
  ],
  "Mini": [
    "Mini 3 Puertas",
    "Mini 5 Puertas",
    "Clubman",
    "Countryman"
  ],
  "Mitsubishi": [
    "ASX",
    "Eclipse Cross",
    "Outlander",
    "Space Star",
    "L200",
    "Montero",
    "Colt"
  ],
  "Nissan": [
    "Micra",
    "Juke",
    "Qashqai",
    "X-Trail",
    "Leaf",
    "Navara",
    "Patrol",
    "370Z",
    "GT-R"
  ],
  "Opel": [
    "Corsa",
    "Astra",
    "Mokka",
    "Grandland",
    "Insignia",
    "Crossland",
    "Zafira",
    "Vectra"
  ],
  "Peugeot": [
    "208",
    "308",
    "2008",
    "3008",
    "5008",
    "508",
    "Rifter",
    "Partner",
    "106",
    "206"
  ],
  "Polestar": [
    "Polestar 2",
    "Polestar 3"
  ],
  "Pontiac": [
    "Firebird",
    "Trans Am",
    "GTO"
  ],
  "Porsche": [
    "911",
    "Cayenne",
    "Macan",
    "Panamera",
    "Taycan",
    "718 Boxster",
    "718 Cayman"
  ],
  "Renault": [
    "Clio",
    "Mégane",
    "Captur",
    "Kadjar",
    "Arkana",
    "Twingo",
    "Espace",
    "Scenic",
    "Kangoo",
    "Zoe"
  ],
  "Rolls-Royce": [
    "Phantom",
    "Ghost",
    "Cullinan",
    "Wraith"
  ],
  "Saab": [
    "9-3",
    "9-5",
    "900"
  ],
  "SEAT": [
    "Ibiza",
    "León",
    "Arona",
    "Ateca",
    "Tarraco",
    "Mii",
    "Toledo",
    "Altea"
  ],
  "Skoda": [
    "Fabia",
    "Octavia",
    "Superb",
    "Kamiq",
    "Karoq",
    "Kodiaq",
    "Enyaq",
    "Rapid"
  ],
  "SsangYong": [
    "Korando",
    "Tivoli",
    "Rexton",
    "Musso"
  ],
  "Subaru": [
    "Impreza",
    "Forester",
    "Outback",
    "XV",
    "Levorg",
    "BRZ"
  ],
  "Suzuki": [
    "Swift",
    "Ignis",
    "Vitara",
    "S-Cross",
    "Jimny",
    "Alto"
  ],
  "Tesla": [
    "Model 3",
    "Model S",
    "Model X",
    "Model Y"
  ],
  "Toyota": [
    "Yaris",
    "Corolla",
    "C-HR",
    "RAV4",
    "Aygo",
    "Land Cruiser",
    "Prius",
    "Hilux",
    "Auris",
    "Supra"
  ],
  "Volkswagen": [
    "Polo",
    "Golf",
    "Passat",
    "T-Cross",
    "T-Roc",
    "Tiguan",
    "Touareg",
    "ID.3",
    "ID.4",
    "Caddy",
    "Transporter"
  ],
  "Volvo": [
    "S60",
    "S90",
    "V60",
    "V90",
    "XC40",
    "XC60",
    "XC90",
    "C40"
  ]
}